	id	created_at	full_text
9	986483052779003904	2018-04-18 05:54:22	[ewl]: due to a track fault, pls add 30mins train travel time between #tampines and #pasirris. free regular bus svcs between #tampines and #pasirris. our station staff will assist.
18	983126517403168770	2018-04-08 23:36:42	[ewl]: due to a track fault, pls add 15mins train travel time from #jurongeast to #jookoon towards #jookoon.
36	961030371159678976	2018-02-07 00:14:30	[nsl]: due to a signalling fault, pls add 15mins train travel time from #angmokio to #rafflesplace towards #marinasouthpier.
39	953913560198885376	2018-01-18 08:54:50	[bplrt] fault cleared. normal train services across bplrt gradually being restored.  free regular bus services and bridging bus services available until 1700hrs.
40	953902791931527168	2018-01-18 08:12:02	[bplrt]: no train service between #choachukang and #phoenix due to a train fault.  free bridging bus services available across bplrt.  free regular bus services available at affected stations.
45	951704224835907584	2018-01-12 06:35:43	[bplrt] no train service on bplrt due to track fault. free regular bus and bridging bus are now available at affected stations.
48	951216982266822656	2018-01-10 22:19:35	[ewl]: due to a track fault, pls add 20mins train travel time from #outrampark to #bugis towards #pasirris. free regular bus svcs btwn #outrampark and #bugis. our station staff will assist.
54	947979083685572609	2018-01-01 23:53:20	[ewl]: track signalling fault recurred, pls add 20mins train travel time btwn #tanahmerah and #changiairport.
61	947947850725408769	2018-01-01 21:49:14	[ewl]: due to a track signalling fault, pls add 30mins train travel time btwn #changiairport and #tanahmerah. free regular bus are available between #tanah merah and #changi airport.
67	945306514692087808	2017-12-25 14:53:30	[nsl]: due to a signalling fault at yew tee station, train services btwn #choachukang and #woodlands will be delay for about 30 mins. free regular bus service is available between #choa chu kang and #woodlands.
68	945303964571938816	2017-12-25 14:43:22	[nsl]: due to a signalling fault at yew tee station, train services btwn #choa chu kang and #woodlandwill be delay for about 30 mins. free regular bus service is available between #choa chu kang and #woodland.
76	938519039512424449	2017-12-06 21:22:30	[ewl]: due to a train fault, there is no train svc btwn #boonlay and #gulcircle.
102	930594852957429761	2017-11-15 00:34:37	[ccl] cleared: fault cleared but trains and stations are crowded. due to congestion, pls add 5mins travel time towards #harbourfront. free regular bus service still available.
103	930592553434464256	2017-11-15 00:25:28	[ewl]: pls add 20mins train travel time btwn #jurongeast and #jookoon due to a train fault at #jookoon. train svc is available.
108	930566250106781696	2017-11-14 22:40:57	[ccl]: due to a signal fault between #farrer road and # buona vista .pls add 20mins train travel time between #buona vista and harbourfornt on both bounds.
109	930563197345468416	2017-11-14 22:28:49	[ccl]: due to a signal  fault trains are moving slower between #botanicgardens and #hawparvilla.  we are investigating the fault.
115	929004531534381056	2017-11-10 15:15:15	[ewl]:due to a train fault,pls add one hour train travel time from #tiongbahru to #pasirris.not linked to new signalling project.
119	928984033416986629	2017-11-10 13:53:47	[ewl]:due to a train fault,pls add 30min train travel time from #bugis to #queenstown towards #tuaslink.not linked to new signalling project
123	928745001307090944	2017-11-09 22:03:58	[nsl]:due to a train fault, pls add 20mins train travel time from #yishun to #angmokio. (not linked to new signalling project).
126	926707347799470081	2017-11-04 07:07:03	[ewl]: due to a track point fault, pls add 10mins train travel time from #queenstown to #jurongeast. (not linked to new signalling project).
128	926703868066406401	2017-11-04 06:53:14	[ewl]: due to a track point fault, pls add 30mins train travel time from #queenstown to #jurongeast. (not linked to new signalling project).
133	923669769135439872	2017-10-26 21:56:48	[nsl]: due to a track fault, pls add 20mins train travel time from #angmokio to #bishan towards #marinasouthpier.
138	922930750466400256	2017-10-24 21:00:12	[nsl]: due to a track fault, pls add 20mins train travel time from #yishun to #toapayoh southbound. (not linked to new signalling project).
163	916598195488038913	2017-10-07 09:36:54	[nsl] due to a track fault, there is no train svc from #bishan to #toapayoh towards #marinasouthpier. (not linked to new signalling project)
166	915519927380983808	2017-10-04 10:12:14	[nsl]: due to an earlier train fault on the new signalling system, pls add 10 mins train travel time btwn #choachukang and #jurongeast.
167	915517110624776192	2017-10-04 10:01:03	[nsl]: due to a train fault on the new signalling system, pls add 20mins train travel time btwn #choachukang and #jurongeast.
174	913171343201386496	2017-09-27 22:39:48	[ewl]:due to track point fault,pls expect 30mins delay train travel time btwn tampines &amp; pasirris.(not linked to new signalling project).
178	913159781644242944	2017-09-27 21:53:52	[ewl]:due to track point fault,pls expect 30mins delay train travel time btwn tanahmerah &amp; pasirris.(not linked to new signalling project).
183	908678498767708160	2017-09-15 13:06:51	[nsl]: due to a signalling fault on the new signalling system, pls add 20mins train travel time btwn #marinasouthpier and #toapayoh.
192	907052485688168448	2017-09-11 01:25:39	[ccl] pls add 15mins additional travelling time from #payalebar to   #buonavista due to a train fault.
197	906354550138740736	2017-09-09 03:12:18	[bplrt]: no train service due to train fault.
205	903200580876636161	2017-08-31 10:19:33	[nsl]: due to a train fault, pls add 25mins train travel time from #jurongeast to #yishun. (not linked to new signalling project).
210	902685685928177664	2017-08-30 00:13:33	[ewl]:due to a track fault,pls add 10mins train travel time from #jurongeast to #redhill.(not linked to new signalling project).
212	900283832405860352	2017-08-23 09:09:26	[nsl]: due to a track point fault near #jurongeast, only one stn platform is operational for nsl train svc to #jurongeast this evening.
216	900138646916931584	2017-08-22 23:32:31	[nsl]: due to a track fault, pls add 15mins train travel time from #yewtee to #jurongeast. (not linked to new signalling project).
229	898310734060240897	2017-08-17 22:29:03	[nsl]: due to a new signalling system fault near ang mo kio, pls add 30mins travel time btwn #sembawang &amp; #marina south pier.
237	898126996076544000	2017-08-17 10:18:56	[nsl]: due to a new signalling system fault near ang mo kio, pls add 20mins travel time btwn #yishun &amp; #marina south pier.
239	896251897585164288	2017-08-12 06:07:58	bplrt: due to train fault, service b temporarily suspended.  only service a running.
243	890497193110405120	2017-07-27 09:00:50	bplrt: due to train fault, only service b still running. service a affected
250	889683121007861761	2017-07-25 03:06:00	[ewl] cleared: track circuit fault cleared at #commonwealth. train services are returning to normal speed.
254	889659826724151296	2017-07-25 01:33:26	[ewl]: due to an earlier track circuit fault at #commonwealth, pls add 20 mins train travel time from #jookoon to #commonwealth.
257	889649356575449089	2017-07-25 00:51:50	[ewl]: due to a track circuit fault at #commonwealth, pls add 15 mins train travel time from #jookoon to #commonwealth.
262	889627820762288130	2017-07-24 23:26:15	trains running at longer intervals due to intermittent power fault on nsewl. crowds expected at stations.
266	888400201047613441	2017-07-21 14:08:08	[ccl]: estimate 15mins additional travelling time from #caldecott to #harbourfront towards #harbourfront due to signal fault.
268	888331394983710720	2017-07-21 09:34:43	[ewl]:due to a track fault(not related to new signalling system),pls add 15mins travel time from #clementi to #tanjongpagar towards pasirris
271	887911354782236672	2017-07-20 05:45:38	[bplrt] no train service betwn #choachukang to #bukitpanjang due to a train fault. free regular bus &amp; bus bridging services are available.
272	885187002471137281	2017-07-12 17:20:02	[nsl] cleared: train service and bridging bus services have ended. our engineers will continue to work and rectify the fault.
277	885167556952154112	2017-07-12 16:02:45	[nsl] no train service between #jurongeast &amp; #kranji, #queenstown &amp; #tuaslink due to a power fault. est resumption time: 00:30am.
280	884952105559113728	2017-07-12 01:46:38	[ewl]: due to a track circuit fault, pls add 10 mins travel time from #jookoon to #clementi towards #pasirris. train service is available.
281	884943659895898112	2017-07-12 01:13:04	[ewl]: due to a track circuit fault, pls add 20 mins travel time from #jookoon to #clementi towards #pasirris. train service is available.
282	884935803234697216	2017-07-12 00:41:51	[ewl]: due to a train fault, pls add 10 mins travel time from #jookoon to #clementi towards #pasirris. train service is available.
289	884363291585257472	2017-07-10 10:46:54	[ewl]: due to a signalling fault, pls add 15mins travel time between #queenstown &amp; #bugis. train service is available.
294	883121358154063874	2017-07-07 00:31:54	[nsl]: due to a train fault, pls add 30mins additional travel time between #woodlands &amp; #jurongeast. train service is available.
297	882555221771145216	2017-07-05 11:02:16	[ewl]: due to a train fault, pls add 15 mins travel time from #jurongeast to #jookoon towards #jookoon. train service is available.
298	880588929975459840	2017-06-30 00:48:56	[nsl]cleared: track point fault cleared, train service from #woodlands to #angmokio is running normally.
305	880554590063611904	2017-06-29 22:32:28	[nsl]: due to a track point fault, pls add 10mins travel time from #woodlands to #angmokio. train service is still available.
316	879996557898129409	2017-06-28 09:35:03	[nsl]: due to a signalling fault, there are no train services along #nsl. free regular bus services are available along #nsl.
317	879993285770477569	2017-06-28 09:22:03	[ewl]: due to a signalling fault, there are no train service btw #tlk &amp; #jkn. free regular bus services are available btw #tlk &amp; #jkn.
318	879991599014436865	2017-06-28 09:15:21	[nsl]: due to a signalling fault, train service on the #nsl will be delay for 30 mins. free regular bus is available on the #nsl.
343	874071411060490240	2017-06-12 01:10:38	[nsl]: due to signalling system fault, pls add 20mins travelling time btw #choachukang &amp; #jurongeast. train service is still available.
354	870585063523500032	2017-06-02 10:17:08	[nsl] due to signalling fault btw #yewtee &amp; #yishun both bounds, pax are advised to take alt transport or other train lines. we are sorry.
371	869132210967683074	2017-05-29 10:04:01	[nsl]: due to a train signalling fault, pls add 20mins travelling time between #choachukang &amp; #jurongeast.
377	868722629103964160	2017-05-28 06:56:29	[nsl]: due to a signalling fault, there is no train service between #marinabay &amp; #marinasouthpier.
390	859916736073576448	2017-05-03 23:45:01	[nsl]: due to a train signalling fault, pls add 25min travel time from #angmokio to #marinasouthpier. train service is still available.
402	855166077310861312	2017-04-20 21:07:35	[nsl]:no train svc between #yishun &amp; #bishan,due to a train fault at #khatib.free regular bus svc is available between yishun &amp; bishan.
425	854131259231977474	2017-04-18 00:35:35	[ewl]: due to a track fault, pls add 10 mins travel time from #payalebar to #simei towards #pasirris. train service is still available.
430	854112017128370176	2017-04-17 23:19:08	[nsl]: due to a track fault, pls add 10mins travel time from #bishan to #khatib towards #jurongeast. train service is still available.
438	851581744587218945	2017-04-10 23:44:44	[ewl]: due to a train fault, pls add 25mins travel time between #jookoon &amp; #queenstown. train service is still available.
444	851246290776113152	2017-04-10 01:31:45	[ewl]: due to a platform screen door fault at bedok, pls add 10 mins travel time from #bugis to #tanahmerah towards #pasirris.
453	848750335279550464	2017-04-03 04:13:43	[nsl]: due to a train fault, pls add 30mins travel time from #yishun to #bishan towards #marinasouthpier. train service is still available.
456	847587333285191682	2017-03-30 23:12:22	[nsl]: due to a train fault, pls add 10mins travel time from #jurongeast to #choachukang towards #marinasouthpier.
464	847387367254048769	2017-03-30 09:57:46	[ewl]: due to a train fault, pls add 20mins travel time from #pasirris to #payalebar towards #jookoon. train service is still available.
475	846704469547016192	2017-03-28 12:44:11	[nsl]: due to a signalling fault,pls add 15mins travel time from#bishan to #sembawang towards #jurongeast.train service is still available.
481	841853687056101377	2017-03-15 03:28:54	[ewl]: due to a train fault, pls add 25 mins travel time from #pasirris to #tanahmerah towards #jookoon. train service is still available.
486	834908785848156160	2017-02-23 23:32:21	ccl: estimate 5 mins additional travelling time between #bishan and #harbourfront in both directions due to signal fault.
489	834560512138452992	2017-02-23 00:28:26	[ewl]: due to a train fault, train service between #jookoon &amp; #lakeside will delay for 20 minutes.
498	830929185350627328	2017-02-12 23:58:50	[nsl]: pls add 20mins travelling time from #jurongeast to #angmokio towards #marinasouthpier due to a train fault.
507	830536475716440064	2017-02-11 21:58:21	[ewl]no train service between #jookoon &amp;#boonlay due to a track fault at #jookoon. free bridging bus is available between #jookoon &amp;#boonlay
511	829954620688474112	2017-02-10 07:26:16	[bplrt] train services on bplrt affected due to a train fault. free regular bus services are available along bplrt.
519	829843856636076032	2017-02-10 00:06:07	[nsl]:due to a train fault,pls add 30mins travel time from newton to marinasouthpier towards marinasouthpier.trn service is still available.
540	823479086357975040	2017-01-23 10:34:48	[ewl]: due to a track fault, pls add 10 mins travel time from #jookoon to #clementi towards #pasirris. train service is still available.
549	821866489166692353	2017-01-18 23:46:55	[ewl]: due to a track fault, pls add 10 mins travel time from #jookoon to #clementi towards #pasirris. train service is still available.
553	819884132683563009	2017-01-13 12:29:44	[nsl]: due to a track fault, pls add 15mins additional travel time between #cityhall &amp; #angmokio. train service is still available.
557	816430912858558464	2017-01-03 23:47:52	[ewl]: due to a track fault, pls add 10 mins travel time from #boonlay to #clementi towards #pasirris. train service is still available.
564	812073833855209472	2016-12-22 23:14:24	[ewl]: due to a track fault, pls add 10 mins travel time from #tanahmerah to #eunos towards #jookoon. train service is still available.
569	812048385045729280	2016-12-22 21:33:16	[ewl] no train service between #outrampark &amp; #aljunied due to a traction power fault near #bugis.
571	811906203928305666	2016-12-22 12:08:18	[ewl]: due to a track fault, pls add 5 mins travel time from #aljunied to #eunos towards #pasirris. train service is still available.
572	811901959506513920	2016-12-22 11:51:26	[ewl]: due to a track fault, pls add 10 mins travel time from #outrampark to #eunos towards #pasirris. train service is still available.
573	811896318549377025	2016-12-22 11:29:01	[ewl]: due to a track fault, pls add 15 mins travel time from #outrampark to #eunos towards #pasirris. train service is still available.
578	808830719090794496	2016-12-14 00:27:25	[ewl]: due to a signalling fault, pls add 10mins travel time between #pasirris &amp; #outrampark. train service is still available.
580	806106844556967936	2016-12-06 12:03:43	[ewl]: due to a track fault near jurongeast, pls add 10 mins travel time from #cityhall to #jurongeast. train service is still available.
589	799553683029655552	2016-11-18 10:03:47	[ewl]: due to a track fault, pls add 10 mins travel time from #tanah merah to #bugis towards #joo koon. train service is still available.
602	793751632706097153	2016-11-02 09:48:31	[ewl]no train service from #queenstown to #outram park towards pasirris,due to a train fault at #tiongbharu.est resumption time: 18:10hrs.
618	793604689799426048	2016-11-02 00:04:37	[ccl]: due to a signal fault trains are moving slower towards #harbourfront. we are investigating the fault.
619	793598411945549824	2016-11-01 23:39:40	[ccl] cleared: fault cleared but trains and stations are crowded. due to   congestion, pls add 10mins travel time towards #dhobyghaut.
633	791440070599249921	2016-10-27 00:43:11	[ewl]: due to a track fault, pls add 15 mins travel time from #pasirris to #bugis towards #jookoon. train service is still available.
640	791215569978523648	2016-10-26 09:51:06	[bplrt] due to a train fault between #bukitpanjang &amp; #phoenix. bplrt train svc will be delayed for 30 mins. we are working to recover svc.
645	789247658942566400	2016-10-20 23:31:20	[ewl]: due to an earlier train fault, pls cater 15 mins travel time from #queenstown to #jurongeast towards #jookoon.
647	789240082871951360	2016-10-20 23:01:13	[ewl]: due to a train fault, pls add 20 mins travel time from #queenstown to #jurongeast towards #jookoon. train service is still available.
653	788335998383955969	2016-10-18 11:08:43	[ewl]: due to a track fault, pls add 10 mins travel time from #tanahmerah to #bugis towards #jookoon. train service is still available.
659	783842048134615040	2016-10-06 01:31:22	[ewl]: pls cater  10 mins additional travelling time from #outram park to #eunos towards #pasirris due to a track fault.
673	780882960111181824	2016-09-27 21:33:00	[bplrt] no train service due to power fault. expected 30mins delay.free regular bus &amp; free bridging bus services are available.
677	780782905232465920	2016-09-27 14:55:25	[bplrt] no train service between #choachukang and #bukitpanjang in both directions due to a power fault.
691	778009102127472640	2016-09-19 23:13:19	[ccl]: estimate 5mins additional travelling time from #dhobyghaut to #macpherson towards #harbourfront due to track fault.
693	778005174098866176	2016-09-19 22:57:42	[ccl]: estimate 5mins additional travelling time from #payalebar to #macpherson towards #harbourfront due to track fault.
699	772771954684112896	2016-09-05 12:22:46	[ccl]: estimate 5mins additional travelling time from #payalebar to #macpherson   towards #harbourfront due to track fault.
709	770908587677802496	2016-08-31 08:58:24	[ccl] due to intermittent train fault/signalling issues, please cater for additional travel time on the ccl today.
712	770805620958191616	2016-08-31 02:09:15	[ccl] due to intermittent signalling fault, expect additional 5 minutes  of waiting time between caldecott and harbour front.
728	770424595346141184	2016-08-30 00:55:11	[nsl]:please expect additional 20mins travel time between wdl &amp; jur due to earlier fault.free regular bus is available between wdl &amp; jur.
732	770408260662726656	2016-08-29 23:50:17	[nsl]:fault cleared but trains &amp; stations are still crowded.due to congestion,estimate 20mins additional travel time between wdl &amp; jur.
733	770407574743023617	2016-08-29 23:47:33	[nsl]:fault cleared but trains &amp; stations are still crowded.due to congestion,estimate 15mins additional travel time between wdl &amp; jur.
739	770382760225615872	2016-08-29 22:08:57	[nsl]: no train service from #yewtee to #bukitgombak due to track fault until 6:15am.free bus service is available.
745	765348562620321794	2016-08-16 00:44:51	[nsl]: estimate 10 mins additional travel time from #marinasouthpier to #braddell towards #jurongeast due to a track fault near braddell.
751	763743586483515392	2016-08-11 14:27:15	[ewl]: estimate 20mins additional travelling time from #boonlay to #jookoon towards #jookoon due to a track fault.
755	761726575708561408	2016-08-06 00:52:22	[nsew] estimated15 mins additional traveling time from yishun to ang mo kio, towards marina south pier due to a track fault.
761	760293521030979585	2016-08-02 01:57:55	[nsl] cleared: train service on the nsl has resumed. additional 5mins travelling time from #yishun to #woodlands due to earlier fault.
763	760286321524903937	2016-08-02 01:29:19	[nsl] cleared: train service on the nsl has resumed. additional 5mins travelling time between #yishun and #woodlands due to earlier fault.
765	760283799687012352	2016-08-02 01:19:17	[nsl] cleared: train service on the nsl has resumed. additional 10mins travelling time between #yishun and #woodlands due to earlier fault.
767	760278505200324609	2016-08-02 00:58:15	[nsl]: estimate 10 mins additional travelling time between #yishun and #woodlands due to a track fault.
773	759673598529253376	2016-07-31 08:54:34	[ewl]: estimate 15mins additional travelling time between #bugis and #pasirris due to platform doors fault.
777	757848954679595009	2016-07-26 08:04:05	[nsl] delay: due to a train fault near marina bay, there is no train service between marina bay and marina south pier for 20 mins.
786	755911251927064576	2016-07-20 23:44:21	[nsl]: no train service between #marinabay and #marinasouthpier due to a train fault.
788	755573939590488064	2016-07-20 01:23:59	trains will be traveling slower from cityhall to jookoon due to an earlier train fault at buona vista westbound
789	755569290561003520	2016-07-20 01:05:31	due to train fault at buona vista, please expect additional 15mins traveling time from cityhall to jookoon westbound.
794	753056151944564736	2016-07-13 02:39:12	[nsl] delay: estimate 10 mins additional travel time between bishan and khatib due to a track fault.
799	748143836958887937	2016-06-29 13:19:25	[nsl]: estimate 15 mins additional travelling time from #woodlands to #angmokio towards #marinabay due to a track fault.
806	743234751717212160	2016-06-16 00:12:28	expect slight delay from hbf to bnv due to a train fault.
807	742309133605470208	2016-06-13 10:54:23	due to earlier train fault from farrer road to caldecott, expected additional travelling time. train service resumed.
816	730306940052459521	2016-05-11 08:01:57	[nsl] : no train service from #yishun to #yio chu kang due to a train fault. expected resumption time: 4:25pm.
818	727438434608930816	2016-05-03 10:03:32	[nsl] cleared: train service from marinasouthpier to toapayoh has resumed. trains may be traveling at a slower speed due to earlier fault.
819	727435550810992641	2016-05-03 09:52:05	[nsl]delay: due to a train fault @ toa payoh, please expect additional traveling time of 25 mins from marina south pier to toa payoh.
821	727434000910839808	2016-05-03 09:45:55	[nsl]:a train fault has been reported at toa payoh station, trains are moving slower towards jurong east.
828	727040960224333824	2016-05-02 07:44:07	[ewl]: due to a train fault, there is no train service between #jookoon and #boonlay in both bounds. expected resumption time will be 4.05pm
830	724739835638878209	2016-04-25 23:20:16	[nsl]fault cleared but some trains &amp; stations are still crowded due to congestion.
853	724571653460512768	2016-04-25 12:11:58	[nsewl] no train service between #jookoon and #bugis on ewl, between #woodlands and #jurongeast on nsl due to traction power fault.
874	722947417717366784	2016-04-21 00:37:50	@vino56535191 we conduct daily checks to ensure all systems are working well, there's unexpected train faults might occur at that time
877	722915951021133827	2016-04-20 22:32:48	[nsl]: no train service from #raffles place towards marinasouthpier due to a train fault. estimated resumption time, 0645hrs.
878	722912474542923777	2016-04-20 22:18:59	[nsl]: no train service from marinasouthpier to newton towards jurongeast due to a train fault. estimated resumption time, 0645hrs.
879	722910166467805184	2016-04-20 22:09:49	[nsl]: no train service from marinasouthpier to newton towards jurongeast due to a train fault. free regular bus available at affected areas
922	718617784372961282	2016-04-09 01:53:25	[ewl]: estimated 20 mins additional travelling time from payalebar to jurongeast towards jookoon due to train fault.
931	718243239606804480	2016-04-08 01:05:07	@suisways we apologise for the inconvenience caused. the train fault has been fixed. thank you for your patience and understanding.
933	718234398810841088	2016-04-08 00:29:59	@elfyhafiyan there was a train fault in both directions earlier which has since been cleared. we apologize for the delay caused.
934	718234056736010240	2016-04-08 00:28:37	@yaneebunz we apologise for the delay caused by the train fault earlier. thank you for your patience and understanding.
935	718232723370942464	2016-04-08 00:23:20	@parisawong there was a train fault in both direction earlier which has since been cleared. we apologize for the delay.
936	718232387755356160	2016-04-08 00:22:00	@bigbirdmaybe we apologise for the delay as there was a train fault earlier which has been cleared. thank you for your patience.
937	718231588845301760	2016-04-08 00:18:49	@wanqichua we apologise for the delay as there was a train fault earlier which has been cleared. thank you for your patience.
938	718231499691147264	2016-04-08 00:18:28	@kian_marvi we apologise for the delay as there was a train fault earlier which has been cleared. thank you for your patience.
942	718218604966088704	2016-04-07 23:27:13	expect 15mins additional time travel on the ccl between dhoby ghaut and bishan due to a train fault.
981	712229777160032256	2016-03-22 10:49:46	[ewl]due to traction power fault, there is no train service between #jookoon and #boonlay in both directions.
999	711171332826746880	2016-03-19 12:43:53	@just_whatever we apologise for the inconvenience caused. our staff are doing their best to rectify the fault.
1002	711162059757461504	2016-03-19 12:07:02	[ccl]expect additional 15mins travelling time between #kentridge and #harbourfront due to signal fault.
1003	711161215259545600	2016-03-19 12:03:41	[ccl]expect additonal 15mins travelling time between #kentridge and #harbourfront due to signal fault.
1005	711158995105386496	2016-03-19 11:54:51	[ccl] no train service between #kentridge and #harbourfront due to signal fault.
1018	710603882234155009	2016-03-17 23:09:02	[ewl]: estimate 15 mins additional travelling time from #tanahmerah to #aljunied towards jookoon due to track fault.
1026	707136169784381440	2016-03-08 09:29:35	[ewl] estimate additional 15mins travelling time from #jurongeast to #redhill stations due to track fault at #redhill.
1031	705236002869112832	2016-03-03 03:39:00	[ccl]: estimate 20 mins additional travelling time between #stadium and #dhobyghaut/#marinabay in both directions due to train fault.
1034	702968967720148992	2016-02-25 21:30:37	no train service on bplrt due to power fault. bus bridging provided.
1035	702967716911517697	2016-02-25 21:25:38	no train service on bplrt due to traction power fault. free bus bridging provided.
1048	700620967727333376	2016-02-19 10:00:30	[ewl]: there is no train service between #jurongeast and #jookoon due to train fault. free bus service is still available.
1049	700618970756349952	2016-02-19 09:52:34	[ewl]: estimate 25 mins additional travelling time from #jurongeast to #jookoon towards joo koon due to train fault.
1051	700616657333387265	2016-02-19 09:43:22	[ewl]: estimate 15 mins additional travelling time from #jurongeast to #jookoon towards joo koon due to train fault.
1054	699551575753121792	2016-02-16 11:11:07	[ewl]: estimate 15 mins additional travelling time from #tanjongpagar  to #aljunied towards pasirris due to track fault.
1057	699040642136051712	2016-02-15 01:20:51	[nsl] estimate 20mins additional travelling time from #cityhall to #newton towards #jurongeast due to a train fault near #dhobyghaut.
1070	692498273542750208	2016-01-28 00:03:49	[ewl] estimated 15mins travelling time from #outrampark to #jurongeast towards #jookoon due to a train fault.
1088	685764336367747074	2016-01-09 10:05:33	[nsl]: no train service between #woodlands and #kranji in both directions, due to traction power fault. we are recovering the service.
1090	685761219928567808	2016-01-09 09:53:10	[nsl]: no train service between #woodlands and #kranji in both directions, due to traction power fault.
1100	682018635271909376	2015-12-30 02:01:28	@meleekid hi millie, we are sorry. the track fault has been rectified, but trains are still moving slower due to congestion.
1101	682018163148505088	2015-12-30 01:59:36	@veradeleon hi vera, we sincerely apologize. the track fault is now rectified, but trains are still moving slower due to congestion.
1102	682018060325138433	2015-12-30 01:59:11	@anonoo2 hi elucidator, we sincerely apologize. the track fault has been rectified, but trains are still moving slower due to congestion.
1106	682017581717323776	2015-12-30 01:57:17	@k_rider09 hi jonathan, we are sorry for the inconvenience caused to commuters this morning. the track fault is now rectified.
1107	682017411080433664	2015-12-30 01:56:36	@fhxmc hi hanisah, we apologize for the inconvenience. the track fault is now rectified. trains are still moving slower due to congestion.
1108	682017043932053504	2015-12-30 01:55:09	@khiriahk we are sorry for the inconvenience. the track fault has been rectified, but trains are still moving slower due to congestion.
1109	682016987929686016	2015-12-30 01:54:55	@gtnewsdaily we apologise for the inconvenience. the track fault has been rectified, but trains are still moving slower due to congestion.
1110	682016939242172416	2015-12-30 01:54:44	@xavierang2002 we are sorry for the inconvenience. the track fault has been rectified, but trains are still moving slower due to congestion.
1111	682016883323711489	2015-12-30 01:54:30	@mxrysue we apologise for the inconvenience. the track fault has been rectified, but trains are still moving slower due to congestion.
1112	682016811169153024	2015-12-30 01:54:13	@haelogic @perfmazzie we are sorry for the inconvenience caused this morning. the track fault has been rectified.
1113	682016634525978624	2015-12-30 01:53:31	@cp_tay we are sorry for the inconvenience. the track fault has been rectified, but trains are still moving slower due to congestion.
1114	682016581614882816	2015-12-30 01:53:18	@kairos31009 we apologise for the inconvenience. the track fault has been rectified, but trains are still moving slower due to congestion.
1116	682012376909000705	2015-12-30 01:36:36	@anawan_74 hi ana, we sincerely apologize. the track fault has been rectified, but trains are still moving slower due to congestion.
1121	681985349459939329	2015-12-29 23:49:12	[ewl]: estimate 10 mins additional travelling time from jookoon to clementi towards pasirris due to track fault near jurongeast station.
1124	681636050695892993	2015-12-29 00:41:13	[ewl]: estimate 10 mins additional travelling time from #jookoon to #clementi towards pasirris due to track fault near jurongeast station.
1132	678763779325169664	2015-12-21 02:27:50	[ewl]: estimate 5 mins additional travelling time from #tiongbahru to #jurongeast towards jookoon due to train fault.
1133	678762333133398016	2015-12-21 02:22:05	[ewl] a train fault has been reported at tiongbahru wb. trains are moving slower towards joo koon.
1149	677462555992809472	2015-12-17 12:17:14	additional 10mins traveling time between boon lay and jurong east in both directions due to power fault.
1150	677462090928418816	2015-12-17 12:15:23	no train service between joo koon and  boon lay  in both directions due to power fault.
1152	677457890433601536	2015-12-17 11:58:42	estimated 20mins additional traveling time between joo koon and jurong east, in the both directions due to traction power fault.
1153	677455586586312704	2015-12-17 11:49:33	estimated 20mins additional traveling time between joo koon and boon lay,in the both directions due to traction power fault.
1163	674760618184839169	2015-12-10 01:20:42	[ccl]: estimate 15 mins additional travelling time between #promenade and #marinabay in both directions due to track fault.
1188	669272992854097920	2015-11-24 21:54:50	[nsl] no train service between #yishun and #marinasouthpier due to power fault. free bus service is available.
1190	669264852867674112	2015-11-24 21:22:29	train services will be delayed on the ccl due to traction power fault.
1194	668558784336302080	2015-11-22 22:36:50	estimated 20mins additional traveling time from yishun to marina south pier,due to train fault.
1198	664571618694270976	2015-11-11 22:33:15	[ccl]: estimate 15 mins additional travelling time between #dhobyghaut and #promenade in both directions due to track fault.
1226	659360596861685760	2015-10-28 13:26:31	@duckshado there was a train fault at braddell mrt station which affected service on the north-south line.
1272	659334277390139392	2015-10-28 11:41:56	[nsl] train service has resumed. trains are travelling at a slower speed due to an earlier train fault. free bus service is still available.
1274	659328158768893952	2015-10-28 11:17:37	[nsl] estimate 25 mins additional travelling time from marina bay to ang mo kio due to train fault at braddell station.
1279	659261938749194240	2015-10-28 06:54:29	[ewl] due to a track fault at #pasirris, there is no train service between #tampines and #pasirris on both bound for 20 minutes.
1282	658955132269297665	2015-10-27 10:35:20	[nsl]: estimate 10 mins additional travelling time from #marinabay to #angmokio towards jurongeast due to a train fault.
1284	658949833181388800	2015-10-27 10:14:17	[nsl]: longer travelling time expected along ns line in the direction towards jurongeast due to a train fault at orchard station.
1290	658410286236372993	2015-10-25 22:30:19	please estimate additional 20mins traveling time between tanah merah and changi airport on both bounds due to track fault.
1295	657333794509225984	2015-10-22 23:12:43	[ccl]: estimate 15 mins additional travelling time between #mounbatten to #payalebar due to train fault. free bus services provided.
1296	657328055942168576	2015-10-22 22:49:55	expect 20 mins delay on circle line between mounbaten to paya lebar due to train fault
1305	654478645424066567	2015-10-15 02:07:23	estimate 20 mins additional travelling time from clementi to queenstown towards pasirris due to train fault. train service is still running.
1306	654477725457977344	2015-10-15 02:03:44	estimate 15 mins additional travelling time from clementi to queenstown towards pasirris due to train fault. train service is still running.
1307	654477261769302016	2015-10-15 02:01:53	estimate 15 mins additional travelling time from clementi to queenstown towards pasirris due to train fault. train scv is still running.
1308	654475484185542656	2015-10-15 01:54:49	[ewl]: estimate 15 mins additional travelling time from #clementi to #queenstown towards pasirris due to train fault.
1318	652292653795532800	2015-10-09 01:21:02	[ewl]:estimate 15 mins additional travelling time from #outrampark  to #jurongeast towards jookoon due to train fault.service still running.
1322	650977034768744449	2015-10-05 10:13:14	[ewl] a train fault has been reported at #pioneer eastbound. trains will be travelling at a slower speed towards #pasirris.
1324	650800006790647809	2015-10-04 22:29:47	[nsl]: due to a track fault, there will be an estimated 5 mins additional travelling time from ang mo kio to khatib towards jurong east.
1333	649121784260751360	2015-09-30 07:21:08	[ewl]: estimate 20 mins additional travelling time from #tanahmerah to #changiairport towards changiairport due to track fault.
1334	649120553505198080	2015-09-30 07:16:14	[ewl] a track fault has been reported at #changiairport. train will be travelling slower towards #changiairport .
1337	647943836585472002	2015-09-27 01:20:23	[nsl] expect additional 5mins travelling time from #bukitgombak to #jurongeast due to a train fault at #bukitgombak.
1338	647942509109219328	2015-09-27 01:15:07	[nsl] a train fault has been reported at #bukitgombak northbound. train will be travelling slower towards #jurongeast.
1352	646121896082194432	2015-09-22 00:40:39	due to a faulty train at yishun north bound , train service towards jurong will be delayed for 25 mins.
1392	641057804644515840	2015-09-08 01:17:45	@signallingfault good morning! the nel is run by sbs transit. you may want to check in with them over at https://t.co/ns6phht9ua.
1403	639612502070833152	2015-09-04 01:34:38	@singdons for faulty passion cards, you would need to go to your nearest community centre for issue of a replacement card.
1446	631782338830036992	2015-08-13 11:00:22	[nsl]: estimate 15 mins additional travelling time from #marinabay to #angmokio towards jurongeast due to track fault near bishan station.
1447	631775252700250112	2015-08-13 10:32:12	[nsl]: estimate 10 mins additional travelling time from #marinabay to #angmokio towards jurongeast due to track fault near bishan.
1450	631577577111465984	2015-08-12 21:26:43	[nsl]: estimate 10 mins additional travelling time between #angmokio and #yishun due to track fault.
1456	629678639693467648	2015-08-07 15:41:01	due to a train fault near tanah merah, please expect additional travelling time of 15mins from pasir ris to eunos westbound.
1463	624197598191026177	2015-07-23 12:41:19	[ewl]: estimate 20 mins additional travelling time from #clementi  to #jookoon towards jookoon due to train fault.
1529	618410156225761280	2015-07-07 13:24:05	we are still investigating the cause of the power fault and are doing our best to restore service on the north south lines.
1531	618405191130320896	2015-07-07 13:04:21	we are concurrently running tests on the north south line to systematically isolate the source of the power fault and rectify the problem.
1534	618389939676254208	2015-07-07 12:03:45	commuters are advised to avoid the nsewl as we rectify the power fault. pls take the free bus services or other train lines.
1538	618377972597174272	2015-07-07 11:16:12	due to traction power fault, please expect additional 20mins traveling time between cle and jkn and between mrb and yis both bounds.
1554	616786081472581632	2015-07-03 01:50:35	@tjyx our on ground staff worked really hard this morning to resolve the track fault. thanks for your encouragement!
1571	616756992762183680	2015-07-02 23:55:00	[nsl]: estimate 15 mins additional travelling time from #choachukang to #admiralty towards marina south pier due to track fault.
1594	610290791546621952	2015-06-15 03:40:38	due to train fault at marina bay station, there is no train service between mrb and msp.train service between mrb and jur running normally.
1602	599123899217891329	2015-05-15 08:07:23	[nsl] estimate 20 mins additional traveling time from #yishun to #toapayoh towards #marinabay due to train fault near #bishan.
1620	593040800965009409	2015-04-28 13:15:19	[bplrt]:   est. 15 mins add. travelling time from #pending to #bangkit due to train fault. free public and shuttle bus are still available.
1625	593015009006915584	2015-04-28 11:32:50	[bplrt]:   estimate 20 mins additional travelling time from #phoenix to #bukitpanjang due to power fault.
1629	588142236790960128	2015-04-15 00:50:11	[nsl] expect additional 10mins travelling time from #yishun to #jurongeast due to a track fault near #kranji.
1634	582508710108348416	2015-03-30 11:44:33	[bplrt]: due to train fault, bplrt is running on service b only.
1645	581394442747129856	2015-03-27 09:56:51	[ewl]: estimate 20 mins additional travelling time from #bugis to #aljunied towards pasirris due to train fault.
1654	579991671124836352	2015-03-23 13:02:44	expect additional 10 minutes traveling time between tampines and pasir ris. our engineers are at site rectifying the fault.
1656	579978579812818944	2015-03-23 12:10:43	due to earlier track fault at pasir ris, please estimate10mins additional traveling time from tampines to pasir ris on both bounds.
1657	579973962022543360	2015-03-23 11:52:22	train service between tampines and pasir ris has resumed. trains are moving at a slower speed.our engineers are rectifying the fault.
1659	579968000540823553	2015-03-23 11:28:41	train service delay for 20mins time between tampines and pasir ris stations due to track fault.
1666	578082762147557376	2015-03-18 06:37:25	[nsl] there will be an estimated 15 mins delay from yew tee to kranji on the south bound towards marina bay due to a track fault.
1709	573617376148615168	2015-03-05 22:53:34	[ccl] estimate 10 mins additional travelling time between harbour front and  kent ridge due to signal fault.
1713	572710584770170882	2015-03-03 10:50:18	trains will be slower between #queenstown to #boonlay due to track fault near #clementi. free bus services available between both stations.
1715	572701157367283713	2015-03-03 10:12:50	[ewl]: estimate 15 mins additional travelling time from #queenstown to #boonlay in both directions due to track fault.
1716	572700101648334849	2015-03-03 10:08:39	[ewl]: estimate 15 mins additional travelling time from #queenstown  to #boonlay towards joo koon due to track fault.
1717	572695037466685442	2015-03-03 09:48:31	free bus service is activated between boon lay and queenstown both bounds due to track fault.
1718	572693903964418048	2015-03-03 09:44:01	[ewl]: estimate 20 mins additional travelling time from #tanjongpagar to #jurongeast towards jookoon due to track fault.
1770	567521590443659264	2015-02-17 03:11:05	due to a train fault at jurong east, there will be 20 min delay from joo koon to jurong east  on the east bound line towards pasir ris.
1781	562386632184066048	2015-02-02 23:06:36	[nsl]: estimate 20 mins additional travelling time from #marina south pier to #rafflesplace towards jurongeast due to train fault.
1784	560990485607489536	2015-01-30 02:38:49	[nsl] fault cleared: train services from #woodlands  to #yiochukang are now running normally now.
1785	560986164128010240	2015-01-30 02:21:38	fault cleared. expect longer travel time from #woodlands towards #yiochukang. free bus available. our engineers are rectifying fault now.
1788	560978597125447682	2015-01-30 01:51:34	[nsl]: estimate 20 mins additional travelling time from #sembawang to #yiochukang towards marinabay due to track fault.
1790	558377952186871808	2015-01-22 21:37:32	due to track fault, there will be additional 10mins traveling time from bishan to ang mo kio.
1798	547199323063074816	2014-12-23 01:17:39	[ccl]: estimate 10 mins additional travelling time from #serangoon to #buonavista towards #harbourfront due to power fault.
1802	542826747436093440	2014-12-10 23:42:36	[ewl]: estimate 20 mins additional travelling time from #jookoon to #jurongeast in both directions due to a train fault at joo koon.
1806	538977683477000192	2014-11-30 08:47:48	[ccl]: estimate 15 mins additional travelling time between #one-north and #harbourfront in both directions due to signal fault.
1809	532718068934266880	2014-11-13 02:14:19	[ccl]: estimate 20 mins additional travelling time from #payalebar to #dhobyghaut towards #dhobyghaut due to train fault.
1811	529552005543378944	2014-11-04 08:33:31	[ccl]: estimate 15 mins additional travelling time between #kentridge and #harbourfront in both directions due to power fault.
1814	528092529913131008	2014-10-31 07:54:05	estimate 15 minutes additional traveling time between kranji and admiralty on both bounds due to track fault, possibly due to lightning.
1820	522312370886963202	2014-10-15 09:05:47	[nsl]: estimate 20 mins additional traveling time between #marinabay and #newton on both bound due to door fault at dhoby ghaut station.
1821	522310792792666112	2014-10-15 08:59:31	[nsl]: estimate 15 mins additional traveling time between #marinabay and #newton on both bound due to door fault at dhoby ghaut station.
1826	516394953396588545	2014-09-29 01:12:05	[nsl]: estimate 10 mins additional travelling time from #yiochukang  to #marinabay towards marinabay due to train fault.
1829	514425932195450880	2014-09-23 14:47:54	trains are travelling slower from marina bay to bishan north bound due to an earlier train fault.
1833	514411211970977793	2014-09-23 13:49:24	due to train fault at somerset station, free bus and free bus bridging service is available between marina bay and newton both bounds.
1835	514400357527453697	2014-09-23 13:06:17	due to a train fault near somerset station, please expect additional 25mins from marina bay to newton both bounds.
1840	512843435594620928	2014-09-19 05:59:37	[ewl]:estimate 10 mins additional travelling time from #outrampark to #jookoon due to train fault.we are working to recover the service.
1842	512838231889424385	2014-09-19 05:38:57	[ewl]: estimate 20mins additional travelling time from #outrampark  to #joo koon  due to train fault.
1852	506437351271190528	2014-09-01 13:44:08	[nsl]: estimate 30 mins additional travelling time from #toapayoh to #marina bay towards marinabay due to train fault.
1868	491752974696214529	2014-07-23 01:13:40	[nsl]: estimate 20 mins additional travelling time from #toapayoh to #newton towards marinabay due to train fault.
1872	490009919395868672	2014-07-18 05:47:23	due to a train fault near city hall, please expect 15 mins additional traveling time from city hall to outram park towards joo koon.
1875	489808117866037248	2014-07-17 16:25:30	[ewl]: estimate 20 mins additional travelling time from #tampines to #pasirris due to track fault. free bus is available at #tampines.
1986	471132555027025920	2014-05-27 03:35:29	[ccl]: estimate 15 mins additional travelling time from #caldecotttowards#harbourfront due to power fault.
2011	461985716373688321	2014-05-01 21:49:12	free bus bridging services activated from yio chu kang to yishun. our maintenance engineers are on site trying to rectify the fault.
2012	461984229601984513	2014-05-01 21:43:18	due to a traction power fault, there will be no train service from yio chu kang northbound towards yishun northbound.
2029	458552362936700928	2014-04-22 10:26:17	[ewl]: estimate 10 mins additional travelling time between #jookoon and #boonlay in both directions due to track fault.
2046	453680979589070848	2014-04-08 23:49:09	[ewl]: estimate 10 mins additional travelling time from #lavender to #payalebar towards pasirris due to train fault.
2069	449331126868267008	2014-03-27 23:44:23	[nsl]: estimate 10 mins additional travelling time from #yewtee to #jurongeast towards jurongeast due to train fault.
2070	449328212699394048	2014-03-27 23:32:48	[nsl]: estimate 10 mins additional travelling time from #choachukang to #jurongeast towards jurongeast due to train fault.
2077	448587468170731520	2014-03-25 22:29:21	[ewl]: estimate 10 mins additional travelling time between outram park and rafflesplace on both bounds due to track fault at tanjong pagar.
2086	447900597044248576	2014-03-24 00:59:58	[nsl]: estimate 10 mins additional travelling time from #rafflesplace to #marinabay towards marinabay due to train fault.
2090	440282319849402370	2014-03-03 00:27:39	[ewl]: estimate 10 mins additional travelling time from #jookoon to  pasirris due to train doors fault.
2091	440277147706355712	2014-03-03 00:07:06	[ewl]: estimate 15 mins additional travelling time from #jookoon to  pasirris due to train doors fault.
2093	440271934471671808	2014-03-02 23:46:23	[ewl]: estimate 15 mins additional travelling time from #bedok to #outrampark towards jookoon due to train fault.
2096	440108732651806720	2014-03-02 12:57:53	[ewl]: estimate 20 mins additional travelling time between #tanahmerah and #changiairport in both directions due to train fault.
2100	438819963613093888	2014-02-26 23:36:46	[ccl]: estimate 20 mins additional travelling time from #payalebar to #dhobyghaut towards #dhobyghaut due to signal fault.
2105	438310591573147648	2014-02-25 13:52:43	[nsl]: estimate 15 mins additional travelling time from #angmokio to #marinabay towards marinabay due to track fault.
2112	437724134663925761	2014-02-23 23:02:20	[nsl]: estimate 10 mins additional travelling time from #choachukang to #kranji towards marinabay due to track fault.
2114	428513743052341249	2014-01-29 13:03:32	[nsl]: estimate 10 mins additional traveling time between #angmokio and #marinabay in both directions due to track fault.
2115	428506005157064704	2014-01-29 12:32:47	[nsl]: estimate 10 mins additional travelling time between #angmokio and #marinabay in both directions due to track fault.
2117	428494052737032192	2014-01-29 11:45:17	[ewl]: estimate 10 mins additional travelling time between #boonlay and #jookoon in both directions due to train fault.
2122	426009497673285634	2014-01-22 15:12:33	[ewl] no train service between #tampines and #tanahmerah due to a track fault. our engineers are at site rectifying the fault now.
2123	426003826726797313	2014-01-22 14:50:01	[ewl] no train serive between #tampines and #tanahmerah due to a track fault. our engineers are at site rectifying the fault now.
2130	425061165928939521	2014-01-20 00:24:13	[nsl]: estimate 20 mins additional travelling time from #sembawang to #marinabay towards marinabay due to train fault.
2133	423607643412762625	2014-01-16 00:08:27	[ewl]: estimate 5 mins additional travelling time from #kallang to #aljunied towards pasirris due to track fault.
2140	421867659987148800	2014-01-11 04:54:22	[nsl]: no train service between #yewtee and #woodlands in both directions due to power fault.  free bus service are available.
2141	421862869106319360	2014-01-11 04:35:20	[nsl]:  train services between #kranji and #yewtee will be delayed for 20 minutes due to a traction power fault.
2143	418593086319509504	2014-01-02 04:02:23	[nsl]: estimate 10 mins additional travelling time from #yiochukang to #bishan towards marinabay due to a traction power fault.
2148	413102217713831937	2013-12-18 00:23:38	[ewl]: estimate 10 mins additional travelling time from #jurongeast to #outrampark towards #pasirris due to train fault.
2150	396245514829565952	2013-11-01 12:01:07	[ewl]: estimate 10 mins additional travelling time from #boonlay to #jookoon towards jookoon due to track fault.
2153	396175165010112512	2013-11-01 07:21:34	[ewl]:train service between #jookoon and #boonlay in both directions is delayed for 10 mins due to a track fault.
2155	395875253328412672	2013-10-31 11:29:50	[ccl]due to a train fault, expect longer travelling time from #dhobyghaut towards #payalebar. trains and platforms are crowded.
2174	387899243488608257	2013-10-09 11:16:01	[ewl]: estimate 30 mins additional travelling time between #boonlay and #jookoon in both directions due to track fault.
2176	386639322998259712	2013-10-05 23:49:32	[ewl]: estimate 20 mins additional travelling time from #jurongeast to #queenstown towards pasirris due to train fault.
2178	385695596633264128	2013-10-03 09:19:30	[nsl]: estimate 20 mins additional travelling time between #yishun and #woodlands due to train fault.
2179	385691602825379840	2013-10-03 09:03:38	[nsl]: estimate 30 mins additional travelling time between #yishun and #woodlands due to train fault.
2182	384091870122356736	2013-09-28 23:06:52	[nsl]: estimate 15 mins additional travelling time between #woodlands and #angmokio due to train fault.
2184	382309119866048512	2013-09-24 01:02:51	[nsl]: estimate 20 mins additional travelling time from #dhobyghaut to #marinabay towards marinabay due to train fault.
2189	380227543791435777	2013-09-18 07:11:25	[nsl]: estimate 30 mins additional travelling time between #rafflesplace and #marinabay due to track fault.
2197	371201751644258304	2013-08-24 09:26:08	[ewl]: estimate 20 mins additional travelling time from #tampines to #pasirris due to train fault.
2200	367786308308967424	2013-08-14 23:14:23	[ewl]: estimate 15 mins additional travelling time from #tiongbahru to #queenstown towards jookoon due to train fault.
2203	367447277301817344	2013-08-14 00:47:12	[ccl]: estimate 5 mins additional travelling time from #botanicgardens to #caldecott towards dhobyghaut due to track fault.
2204	367444709230141440	2013-08-14 00:37:00	[nsl]: estimate 20 mins additional travelling time from #yishun to #woodlands towards jurongeast due to train fault.
2206	364362611913011201	2013-08-05 12:29:50	[bplrt]: estimate 20 mins service delay from #phoenix to #bukitpanjang due to power fault.
2208	363654567449214976	2013-08-03 13:36:19	[ewl]: estimate 10 mins additional travelling time between #expo and #changiairport in both directions due to track fault.
2209	363652852041793536	2013-08-03 13:29:30	[ewl]: estimate 10 mins additional travelling time from #changiairport to #expo towards jookoon due to track fault.
2212	361073485356875780	2013-07-27 10:40:01	[ccl]: estimate 10 mins additional travelling time between #dhobyghaut and #promenade due to track fault.
2213	361067852628897793	2013-07-27 10:17:39	[ccl]: estimate 10 mins additional travelling time between #dhobyghaut and #promenade due to a track fault.
2214	361065167997517825	2013-07-27 10:06:58	[ccl]: estimate 10 mins additional travelling time from #dhobyghaut to #promenade towards harbourfront due to track fault.
2222	352541433573552128	2013-07-03 21:36:42	[bplrt]:estimate 15 mins additional travelling time for bplrt service due to track fault. free bus services are available.
2225	349522008284995585	2013-06-25 13:38:35	[ewl]: estimated 25 mins additional travelling time from #kembangan to #bedok towards pasirris due to train fault.
2236	347303548243038209	2013-06-19 10:43:13	[sbst] nel: estimate 30 minutes delay along north-east line due to a train fault.
2237	346405651171397632	2013-06-16 23:15:17	[nsl]cleared:track fault has been rectified after operating hours last night.travelling time from angmokio towards bishan is back to normal.
2239	346084311994359808	2013-06-16 01:58:24	[nsl]: estimate 4 mins additional travelling time from #angmokio to #bishan towards marinabay due to track fault.
2246	341911816332513280	2013-06-04 13:38:24	no train service earlier on sbst-operated northeast line b/w outram &amp; dhoby ghaut stations both bounds due to a power fault
2249	341910914645254144	2013-06-04 13:34:49	no train service earlier on sbst-operated northeast line b/w outram &amp; dhoby ghaut stations both bounds due to a power fault.
2258	340475926192214016	2013-05-31 14:32:41	[ewl] estimate 20 mins additional travel time from #tiongbahru towards #outrampark due to track fault.
2263	340397687646060545	2013-05-31 09:21:47	[ewl]: estimate 20 mins additional travelling time between #tanahmerah and #changiairport in both directions due to track fault.
2272	339876831828275200	2013-05-29 22:52:05	[nsl]: estimate 30 mins additional travelling time from #woodlands to #angmokio towards marinabay due to track fault at yio chu kang.
2274	338810561150189568	2013-05-27 00:15:07	[ewl]: estimate 10 mins additional travelling time from #jurongeast to #pasirris due to an earlier train fault.
2278	337705543160455168	2013-05-23 23:04:10	[ewl]: estimate 20 mins additional travelling time from #pasirris to #eunos towards jookoon due to train fault.
2286	335671481856057345	2013-05-18 08:21:32	rail crack fault temporarily rectified. full replacement after train operating hours. train safe.
2292	335637290665787392	2013-05-18 06:05:40	[nsl]: estimated 10 mins additional travelling time from #dhobyghaut to #bishan towards jurongeast due to track fault.
2297	335223843427848192	2013-05-17 02:42:47	[bplrt]: estimate 20 mins additional travelling time between #bukitpanjang and #choachukang due to train fault at #phoenix.
2303	333503910176231424	2013-05-12 08:48:23	[ewl]: estimate 10 mins additional travelling time from #kembangan to #eunos due to train fault.
2314	330094775246155777	2013-05-02 23:01:41	[nsl]: estimate 20 mins additional travelling time between #bishan and #marinabay due to track fault.
2330	328828766287712256	2013-04-29 11:11:01	[nsl]:estimate 10 mins additional travelling time from #marinabay to #angmokio towards jurongeast due to track fault.
2332	328816851012419584	2013-04-29 10:23:41	[nsl] due to earlier train fault at newton, train will be travelling at slower speed from #marinabay to #angmokio towards #jurongeast.
2337	322669974793629696	2013-04-12 11:18:11	smrt engineers will proceed down to the affected track btwn #tampines and #pasirris to rectify the fault after passenger service hours.
2338	322666304937021440	2013-04-12 11:03:36	[ewl]train delays(~5mins) due to signalling fault btwn tampines &amp; pasir ris stns. pls listen to stn announcements &amp; plan travel accordingly.
2339	322628470570110976	2013-04-12 08:33:16	[ewl]signaling fault causing delay on east-west line.only one platform being used at pasir ris station.smrt working on rectifying situation.
2341	322517060510949376	2013-04-12 01:10:33	[ewl]: estimate 20 mins additional travelling time between #tampines and #pasirris in both directions due to track fault.
2343	322505661755822080	2013-04-12 00:25:16	[ewl]: estimate 10 mins additional travelling time from #tampines to #pasirris towards pasirris due to track fault.
2346	319229065724821506	2013-04-02 23:25:14	[nsl]: estimate 10 mins additional travelling time from #rafflesplace to #marinabay towards marinabay due to track fault.
2351	318940063700504577	2013-04-02 04:16:51	[bplrt] no service at all bplrt stations due to suspected power fault. our staff is attending to recovery works.
2371	303895963087560704	2013-02-19 15:56:58	[nsl]: estimate 15 mins additional travelling time from #marinabay to #bishan towards jurongeast due to train fault.
2376	302380045920505857	2013-02-15 11:33:15	[ewl] due to an earlier train fault, estimate 20 mins additional travelling time from #bugis towards #pasirris.
2397	299369791553159168	2013-02-07 04:11:34	[nsl]estimated 10mins additional travelling time from bishan toward marina bay due to train fault
2434	293511329447280641	2013-01-22 00:12:08	[ewl]: estimate 10 mins additional travelling time from #tiongbahru to #outrampark towards pasirris due to train fault.
2462	289194398921666560	2013-01-10 02:18:12	[sbst] nel: train service in both directions is delayed by about 15 minutes due to a power fault.
2477	285667703237275650	2012-12-31 08:44:22	[ewl]: estimate 20 mins additional travelling time from #tanahmerah to #clementi towards jookoon due to train fault.
2485	285601656417185792	2012-12-31 04:21:55	[nsl]: estimate 20 mins additional travelling time from #bukitbatok to #angmokio towards marinabay due to train fault.
2486	285535570485207042	2012-12-30 23:59:19	[ccl]: estimate 5 mins additional travelling time from #payalebar to #macpherson towards harbourfront due to track fault.
2487	285528930193125376	2012-12-30 23:32:56	[ccl]: estimate 3 mins additional travelling time from #payalebar to #macpherson towards harbourfront due to track fault.
2501	281682340491710464	2012-12-20 08:47:58	[nel] no train service between punggol and little india stations due to train fault.
2519	279240644302610432	2012-12-13 15:05:32	[ewl]: estimate 15 mins additional travelling time from #redhill to #clementi towards jookoon due to train fault.
2523	278403047695192066	2012-12-11 07:37:13	[ewl]: estimate 20 mins additional travelling time from #kembangan to #pasirris towards pasirris due to train fault.
2584	265398919570280448	2012-11-05 10:23:27	[nsl]: estimate 10 mins additional travelling time from #marinabay  to #bishan towards jurongeast due to train fault.
2597	264361706585747457	2012-11-02 13:41:57	[ewl]:longer travelling time expected along ew line in the direction towards pasirris due to track fault between #rafflesplace and #cityhall
2598	264355753622638592	2012-11-02 13:18:17	[ewl]: estimate 5 mins additional travelling time from #rafflesplace to #cityhall towards pasirris due to track fault.
2600	264342314904866817	2012-11-02 12:24:53	[ccl]: estimate 5 mins additional travelling time from #harbourfront to #payalebar on both bounds due to train fault.
2612	263920730645860352	2012-11-01 08:29:40	[nsl]: estimate 5 mins additional travelling time from #angmokio to #yiochukang towards jurongeast due to train fault.
2616	263832298439462912	2012-11-01 02:38:16	[ewl]: estimate 5 mins additional travelling time from #aljunied to #tanahmerah towards pasirris due to train fault.
2625	263601684071206912	2012-10-31 11:21:53	[nsl]: estimate 5 mins additional travelling time from #rafflesplace to #marinabay towards marinabay due to train fault.
2628	263511797594722305	2012-10-31 05:24:43	[ewl]: estimate 5 mins additional travelling time from #boonlay to #pasirris towards pasirris due to train fault.
2640	263102501639831553	2012-10-30 02:18:19	[ewl]: estimate 5 mins additional travelling time from #payalebar to #eunos towards pasirris due to train fault.
2674	262328540144488449	2012-10-27 23:02:52	[nsl]: estimate 5 mins additional travelling time from #choachukang to #yishun towards marinabay due to train fault.
2675	262323923025268736	2012-10-27 22:44:31	[ccl]: estimate 5 mins additional travelling time from #taiseng to #bartley towards harbourfront due to track fault.
2705	261477954578698240	2012-10-25 14:42:57	[ccl]no train service between #dhobyghaut and #harbourfront due to power fault. please seek alternative transport. buses are being arranged.
2727	261047958584307712	2012-10-24 10:14:18	[nsl] trains are running slower than normal from #jurongeast towards #marinabay due to track fault. please allow extra time for travel.
2730	261040786806820865	2012-10-24 09:45:48	[nsl]: estimate 10 mins additional travelling time from #jurongeast to #marinabay towards marinabay due to track fault.
2733	261005485002596353	2012-10-24 07:25:31	[nsl]: estimate 5 mins additional travelling time from #marinabay to #rafflesplace towards jurongeast due to track fault.
2741	260871234324160512	2012-10-23 22:32:03	[nsl]: estimate 5 mins additional travelling time from newton to ang mo kio towards jurong east due to train fault.
2766	260331301473759232	2012-10-22 10:46:33	[nsl]: trains are running slightly slower than normal due to train fault from #orchard to #marinabay towards marinabay.
2767	260329673542737920	2012-10-22 10:40:05	[nsl]: estimate 10 mins additional travelling time from #orchard to #marinabay towards marinabay due to train fault.
2774	260173892407144450	2012-10-22 00:21:04	[ewl]: estimate 5 mins additional travelling time from #jookoon towards #pasirris due to train fault.
2789	259950730985746433	2012-10-21 09:34:18	[ewl]: estimate 5 mins additional travelling time from #pasirris to #tanahmerah towards jookoon due to train fault.
2801	259599853682831361	2012-10-20 10:20:02	[nsl]: estimate 5 mins additional travelling time from #jurongeast to #bukitbatok towards marinabay due to train fault.
2803	259597000897622016	2012-10-20 10:08:42	[nsl]: estimate 5 mins additional travelling time from #kranji to #yewtee towards jurongeast due to train fault.
2828	259176282993065985	2012-10-19 06:16:55	estimated 10 minutes additional traveling time from tao payoh towards jurong east due to track fault.
2829	259170975399161856	2012-10-19 05:55:50	estimated 5 minutes additional traveling time from tao payoh towards jurong east due to track fault.
2830	259167355580588032	2012-10-19 05:41:27	estimated 5 minutes additional traveling time from ang mo kio towards jurong east due to track fault.
2831	259165435436617729	2012-10-19 05:33:49	estimated 5 minutes additional traveling time from yio chu kang to newton towards marina bay due to track fault.
2832	259114705048719360	2012-10-19 02:12:14	estimated 5 minutes additional traveling time from woodlands to choa chu kang towards jurong esat due to train fault.
2857	258486146349277184	2012-10-17 08:34:34	[ewl]: longer travelling time from #lavender to #eunos towards pasirris due to train fault.
2876	258037690736467968	2012-10-16 02:52:34	[ewl]: estimate 15 mins additional travelling time from #jurongeast  to #lakeside towards jookoon due to train fault.
2877	258037344962228224	2012-10-16 02:51:11	[ewl]: estimate 15 mins additional travelling time from #queenstown to #lakeside towards jookoon due to train fault.
2882	257816184186105856	2012-10-15 12:12:22	[ewl]: estimate 5 mins additional travelling time from #tanjongpagar to #kallang towards pasirris due to train fault.
2887	257672681057550336	2012-10-15 02:42:09	[bplrt]: longer travelling time expected along service  a via #senja due to trackside fault between #fajar and #bangkit stations.
2906	257493850782855170	2012-10-14 14:51:32	[ewl]: no train service from #tampines to #pasirris due to train fault. please seek alternative transport.
2910	257481868562272257	2012-10-14 14:03:55	[ewl] estimate 20 mins additional travel time from #pasirris towards #tampines due to train fault.
2911	257479481428697088	2012-10-14 13:54:26	[ewl]: estimate 5 mins additional travel time from #jookoon towards #pasirris due to a train fault.
2922	257290239742181376	2012-10-14 01:22:28	[ewl]: estimate 10 mins additional travelling time from #tanahmerah to #changiairport towards changiairport due to track fault.
2936	256737779634024448	2012-10-12 12:47:11	[nsl]: longer travelling time from #yiochukang to #braddell towards marinabay due to train fault.
2969	255677385750491136	2012-10-09 14:33:33	[bplrt]: longer travelling time along service a via #senja earlier. fault has since cleared. train service resumed.
2987	255195251592007681	2012-10-08 06:37:43	[ewl]: estimate 5 mins additional travelling time from #aljunied to #rafflesplace towards jookoon due to train fault.
2991	255142304464109569	2012-10-08 03:07:20	[ccl]: longer travelling time expected along cc line from #macpherson to #bartley in the direction towards harbourfront due to track fault.
3000	254935345509040129	2012-10-07 13:24:57	[ewl]: expect slightly longer travelling time from #commonwealth to #buonavista towards jookoon due to platform screen door fault.
3076	252576680722448384	2012-10-01 01:12:27	[ewl]: due to a train fault, trains are delayed from #boonlay towards #buonavista.  estimated additional travel time: 5 mins
3165	250402702088101888	2012-09-25 01:13:51	[nsl] : estimate 5 mins additional travel time from #khatib towards #novena due to train fault.
